keyword,type,best prefix,reviews postfix,unboxing postfix,tips postfix,advice postfix
appliances,channels,,TRUE,,,
apps,channels,,TRUE,,,
games,channels,,TRUE,,,
arts and crafts,channels,,TRUE,,,
crafts,channels,,TRUE,,,
sewing,channels,,TRUE,,,
automotive products,channels,,TRUE,,,
baby products,channels,,TRUE,,,
beauty products,channels,,TRUE,,,
personal care products,channels,,TRUE,,,
camera,channels,,TRUE,,,
photo,channels,,TRUE,,,
cell phones,channels,,TRUE,,,
cell phone accessories,channels,,TRUE,,,
clothing,channels,,TRUE,,,
shoes,channels,,TRUE,,,
jewelry,channels,,TRUE,,,
computers,channels,,TRUE,,,
computer accessories,channels,,TRUE,,,
digital products,channels,,TRUE,,,
electronics,channels,,TRUE,,,
grocery,channels,,TRUE,,,
gourmet food,channels,,TRUE,,,
handmade products,channels,,TRUE,,,
health products,channels,,TRUE,,,
household products,channels,,TRUE,,,
home products,channels,,TRUE,,,
industrial product,channels,,TRUE,,,
scientific products,channels,,TRUE,,,
kitchen product,channels,,TRUE,,,
dining product,channels,,TRUE,,,
musical instruments,channels,,TRUE,,,
office products,channels,,TRUE,,,
patio products,channels,,TRUE,,,
lawn products,channels,,TRUE,,,
garden products,channels,,TRUE,,,
pet supplies,channels,,TRUE,,,
software,channels,,TRUE,,,
sports products,channels,,TRUE,,,
outdoor products,channels,,TRUE,,,
tools,channels,,TRUE,,,
home improvement products,channels,,TRUE,,,
diy,channels,,TRUE,,,
toys,channels,,TRUE,,,
video games,channels,,TRUE,,,
3d printing,videos,,,,TRUE,TRUE
acrobatics,videos,,,,TRUE,TRUE
acting,videos,,,,TRUE,TRUE
action figure,videos,,,,TRUE,TRUE
aerobics,videos,,,,TRUE,TRUE
aeromodeling,videos,,,,TRUE,TRUE
aikido,videos,,,,TRUE,TRUE
air sports,videos,,,,TRUE,TRUE
airbrushing,videos,,,,TRUE,TRUE
aircraft spotting,videos,,,,TRUE,TRUE
airsoft,videos,,,,TRUE,TRUE
airsofting,videos,,,,TRUE,TRUE
amateur astronomy,videos,,,,TRUE,TRUE
amateur geology,videos,,,,TRUE,TRUE
amateur radio,videos,,,,TRUE,TRUE
amusement park visiting,videos,,,,TRUE,TRUE
animal fancy,videos,,,,TRUE,TRUE
animation,videos,,,,TRUE,TRUE
antiquing,videos,,,,TRUE,TRUE
antiquities,videos,,,,TRUE,TRUE
ant-keeping,videos,,,,TRUE,TRUE
aquarium,videos,,,,TRUE,TRUE
aquascaping,videos,,,,TRUE,TRUE
archery,videos,,,,TRUE,TRUE
arts,videos,,,,TRUE,TRUE
association football,videos,,,,TRUE,TRUE
astrology,videos,,,,TRUE,TRUE
astronomy,videos,,,,TRUE,TRUE
audiophile,videos,,,,TRUE,TRUE
australian rules football,videos,,,,TRUE,TRUE
auto audiophilia,videos,,,,TRUE,TRUE
auto racing,videos,,,,TRUE,TRUE
axe throwing,videos,,,,TRUE,TRUE
backgammon,videos,,,,TRUE,TRUE
backpacking,videos,,,,TRUE,TRUE
badminton,videos,,,,TRUE,TRUE
bagpipe,videos,,,,TRUE,TRUE
baking,videos,,,,TRUE,TRUE
ballet,videos,,,,TRUE,TRUE
ballroom,videos,,,,TRUE,TRUE
banjo,videos,,,,TRUE,TRUE
base jumping,videos,,,,TRUE,TRUE
baseball,videos,,,,TRUE,TRUE
basketball,videos,,,,TRUE,TRUE
baton twirling,videos,,,,TRUE,TRUE
beach tanning,videos,,,,TRUE,TRUE
beach volleyball,videos,,,,TRUE,TRUE
beachcombing,videos,,,,TRUE,TRUE
beadwork,videos,,,,TRUE,TRUE
beatboxing,videos,,,,TRUE,TRUE
beauty pageants,videos,,,,TRUE,TRUE
becoming a child advocate,videos,,,,TRUE,TRUE
beekeeping,videos,,,,TRUE,TRUE
bell ringing,videos,,,,TRUE,TRUE
belly dancing,videos,,,,TRUE,TRUE
bicycle polo,videos,,,,TRUE,TRUE
bicycling,videos,,,,TRUE,TRUE
biking,videos,,,,TRUE,TRUE
billiards,videos,,,,TRUE,TRUE
biology,videos,,,,TRUE,TRUE
bird watching,videos,,,,TRUE,TRUE
birding,videos,,,,TRUE,TRUE
birdwatching,videos,,,,TRUE,TRUE
blacksmithing,videos,,,,TRUE,TRUE
blogging,videos,,,,TRUE,TRUE
bmx,videos,,,,TRUE,TRUE
board game playing,videos,,,,TRUE,TRUE
board games,videos,,,,TRUE,TRUE
board sports,videos,,,,TRUE,TRUE
boardgames,videos,,,,TRUE,TRUE
boating,videos,,,,TRUE,TRUE
body building,videos,,,,TRUE,TRUE
bodybuilding,videos,,,,TRUE,TRUE
bonsai,videos,,,,TRUE,TRUE
bonsai sculpture,videos,,,,TRUE,TRUE
bonsai tree,videos,,,,TRUE,TRUE
book discussion clubs,videos,,,,TRUE,TRUE
book restoration,videos,,,,TRUE,TRUE
bookbinding,videos,,,,TRUE,TRUE
boomerangs,videos,,,,TRUE,TRUE
bowling,videos,,,,TRUE,TRUE
boxing,videos,,,,TRUE,TRUE
brazilian jiu-jitsu,videos,,,,TRUE,TRUE
bread making,videos,,,,TRUE,TRUE
breadmaking,videos,,,,TRUE,TRUE
breakdancing,videos,,,,TRUE,TRUE
brewing beer,videos,,,,TRUE,TRUE
bridge,videos,,,,TRUE,TRUE
bridge building,videos,,,,TRUE,TRUE
bringing food to the disabled,videos,,,,TRUE,TRUE
building,videos,,,,TRUE,TRUE
building a house for habitat for humanity,videos,,,,TRUE,TRUE
building dollhouses,videos,,,,TRUE,TRUE
bullet journaling,videos,,,,TRUE,TRUE
burlesque,videos,,,,TRUE,TRUE
bus riding,videos,,,,TRUE,TRUE
bus spotting,videos,,,,TRUE,TRUE
butterfly watching,videos,,,,TRUE,TRUE
cabaret,videos,,,,TRUE,TRUE
cake decorating,videos,,,,TRUE,TRUE
cake making,videos,,,,TRUE,TRUE
calligraphy,videos,,,,TRUE,TRUE
camping,videos,,,,TRUE,TRUE
candle making,videos,,,,TRUE,TRUE
candy making,videos,,,,TRUE,TRUE
canoeing,videos,,,,TRUE,TRUE
canyoning,videos,,,,TRUE,TRUE
car racing,videos,,,,TRUE,TRUE
car repair,videos,,,,TRUE,TRUE
car restoring,videos,,,,TRUE,TRUE
car riding,videos,,,,TRUE,TRUE
card game,videos,,,,TRUE,TRUE
card games,videos,,,,TRUE,TRUE
card playing,videos,,,,TRUE,TRUE
cardistry,videos,,,,TRUE,TRUE
cartooning,videos,,,,TRUE,TRUE
casino gambling,videos,,,,TRUE,TRUE
cave diving,videos,,,,TRUE,TRUE
caving,videos,,,,TRUE,TRUE
ceramics,videos,,,,TRUE,TRUE
chalk drawing,videos,,,,TRUE,TRUE
checkers,videos,,,,TRUE,TRUE
cheerleading,videos,,,,TRUE,TRUE
cheese making,videos,,,,TRUE,TRUE
cheesemaking,videos,,,,TRUE,TRUE
chemistry,videos,,,,TRUE,TRUE
chess,videos,,,,TRUE,TRUE
church,videos,,,,TRUE,TRUE
church activities,videos,,,,TRUE,TRUE
cigar smoking,videos,,,,TRUE,TRUE
clarinet,videos,,,,TRUE,TRUE
clay sculpture,videos,,,,TRUE,TRUE
cleaning,videos,,,,TRUE,TRUE
climbing,videos,,,,TRUE,TRUE
clothesmaking,videos,,,,TRUE,TRUE
cloud watching,videos,,,,TRUE,TRUE
cobbling,videos,,,,TRUE,TRUE
coffee roasting,videos,,,,TRUE,TRUE
color guard,videos,,,,TRUE,TRUE
coloring,videos,,,,TRUE,TRUE
compose music,videos,,,,TRUE,TRUE
composting,videos,,,,TRUE,TRUE
computer activities,videos,,,,TRUE,TRUE
computer programming,videos,,,,TRUE,TRUE
confectionery,videos,,,,TRUE,TRUE
conworlding,videos,,,,TRUE,TRUE
cooking,videos,,,,TRUE,TRUE
cosplay,videos,,,,TRUE,TRUE
cosplaying,videos,,,,TRUE,TRUE
couponing,videos,,,,TRUE,TRUE
craft,videos,,,,TRUE,TRUE
create card pyramids,videos,,,,TRUE,TRUE
creative writing,videos,,,,TRUE,TRUE
cribbage,videos,,,,TRUE,TRUE
cricket,videos,,,,TRUE,TRUE
crochet,videos,,,,TRUE,TRUE
crocheting,videos,,,,TRUE,TRUE
croquet,videos,,,,TRUE,TRUE
cross-stitch,videos,,,,TRUE,TRUE
crossword puzzle,videos,,,,TRUE,TRUE
crossword puzzles,videos,,,,TRUE,TRUE
cryptography,videos,,,,TRUE,TRUE
cue sports,videos,,,,TRUE,TRUE
curling,videos,,,,TRUE,TRUE
cycling,videos,,,,TRUE,TRUE
dance,videos,,,,TRUE,TRUE
dancing,videos,,,,TRUE,TRUE
darts,videos,,,,TRUE,TRUE
debate,videos,,,,TRUE,TRUE
decorating,videos,,,,TRUE,TRUE
designing clothes,videos,,,,TRUE,TRUE
diecast collectibles,videos,,,,TRUE,TRUE
die-cast toy,videos,,,,TRUE,TRUE
digital arts,videos,,,,TRUE,TRUE
digital hoarding,videos,,,,TRUE,TRUE
digital photography,videos,,,,TRUE,TRUE
disc golf,videos,,,,TRUE,TRUE
distro hopping,videos,,,,TRUE,TRUE
djing,videos,,,,TRUE,TRUE
do it yourself,videos,,,,TRUE,TRUE
dodgeball,videos,,,,TRUE,TRUE
dog sport,videos,,,,TRUE,TRUE
dolls,videos,,,,TRUE,TRUE
dominoes,videos,,,,TRUE,TRUE
dowsing,videos,,,,TRUE,TRUE
drama,videos,,,,TRUE,TRUE
drawing,videos,,,,TRUE,TRUE
drink mixing,videos,,,,TRUE,TRUE
drinking,videos,,,,TRUE,TRUE
driving,videos,,,,TRUE,TRUE
dumpster diving,videos,,,,TRUE,TRUE
eating,videos,,,,TRUE,TRUE
eating out,videos,,,,TRUE,TRUE
educational courses,videos,,,,TRUE,TRUE
electrochemistry,videos,,,,TRUE,TRUE
electronic games,videos,,,,TRUE,TRUE
embroidery,videos,,,,TRUE,TRUE
entertaining,videos,,,,TRUE,TRUE
equestrianism,videos,,,,TRUE,TRUE
esports,videos,,,,TRUE,TRUE
exercise,videos,,,,TRUE,TRUE
exhibition drill,videos,,,,TRUE,TRUE
experimenting,videos,,,,TRUE,TRUE
exploring,videos,,,,TRUE,TRUE
falconry,videos,,,,TRUE,TRUE
fantasy sports,videos,,,,TRUE,TRUE
farming,videos,,,,TRUE,TRUE
fashion,videos,,,,TRUE,TRUE
fashion design,videos,,,,TRUE,TRUE
fast cars,videos,,,,TRUE,TRUE
felting,videos,,,,TRUE,TRUE
fencing,videos,,,,TRUE,TRUE
field hockey,videos,,,,TRUE,TRUE
figure skating,videos,,,,TRUE,TRUE
filmmaking,videos,,,,TRUE,TRUE
fire poi,videos,,,,TRUE,TRUE
fishing,videos,,,,TRUE,TRUE
fishkeeping,videos,,,,TRUE,TRUE
flag football,videos,,,,TRUE,TRUE
floorball,videos,,,,TRUE,TRUE
floral arrangements,videos,,,,TRUE,TRUE
flower arranging,videos,,,,TRUE,TRUE
flower growing,videos,,,,TRUE,TRUE
flute,videos,,,,TRUE,TRUE
fly tying,videos,,,,TRUE,TRUE
flying,videos,,,,TRUE,TRUE
flying disc,videos,,,,TRUE,TRUE
footbag,videos,,,,TRUE,TRUE
football,videos,,,,TRUE,TRUE
foraging,videos,,,,TRUE,TRUE
foreign language learning,videos,,,,TRUE,TRUE
fossicking,videos,,,,TRUE,TRUE
fossil hunting,videos,,,,TRUE,TRUE
four wheeling,videos,,,,TRUE,TRUE
freestyle football,videos,,,,TRUE,TRUE
freshwater aquariums,videos,,,,TRUE,TRUE
frisbee,videos,,,,TRUE,TRUE
frisbee golf,videos,,,,TRUE,TRUE
furniture building,videos,,,,TRUE,TRUE
garage saleing,videos,,,,TRUE,TRUE
gardening,videos,,,,TRUE,TRUE
genealogy,videos,,,,TRUE,TRUE
geneology,videos,,,,TRUE,TRUE
geocaching,videos,,,,TRUE,TRUE
geography,videos,,,,TRUE,TRUE
ghost hunting,videos,,,,TRUE,TRUE
gingerbread house making,videos,,,,TRUE,TRUE
glass painting,videos,,,,TRUE,TRUE
glassblowing,videos,,,,TRUE,TRUE
glowsticking,videos,,,,TRUE,TRUE
gnoming,videos,,,,TRUE,TRUE
go,videos,,,,TRUE,TRUE
go kart racing,videos,,,,TRUE,TRUE
going to movies,videos,,,,TRUE,TRUE
gold prospecting,videos,,,,TRUE,TRUE
golf,videos,,,,TRUE,TRUE
golfing,videos,,,,TRUE,TRUE
gongoozling,videos,,,,TRUE,TRUE
graffiti,videos,,,,TRUE,TRUE
graphic design,videos,,,,TRUE,TRUE
grip strength,videos,,,,TRUE,TRUE
guitar,videos,,,,TRUE,TRUE
gunsmithing,videos,,,,TRUE,TRUE
gymnastics,videos,,,,TRUE,TRUE
gyotaku,videos,,,,TRUE,TRUE
hacking,videos,,,,TRUE,TRUE
handball,videos,,,,TRUE,TRUE
handwriting analysis,videos,,,,TRUE,TRUE
hang gliding,videos,,,,TRUE,TRUE
harmonica,videos,,,,TRUE,TRUE
herbalism,videos,,,,TRUE,TRUE
herp keeping,videos,,,,TRUE,TRUE
herping,videos,,,,TRUE,TRUE
high-power rocketry,videos,,,,TRUE,TRUE
hiking,videos,,,,TRUE,TRUE
hip hop,videos,,,,TRUE,TRUE
history,videos,,,,TRUE,TRUE
hobby horsing,videos,,,,TRUE,TRUE
hobby tunneling,videos,,,,TRUE,TRUE
hockey,videos,,,,TRUE,TRUE
home brewing,videos,,,,TRUE,TRUE
home improvement,videos,,,,TRUE,TRUE
home repair,videos,,,,TRUE,TRUE
home theater,videos,,,,TRUE,TRUE
homebrewing,videos,,,,TRUE,TRUE
hooping,videos,,,,TRUE,TRUE
horn,videos,,,,TRUE,TRUE
horse riding,videos,,,,TRUE,TRUE
horseback riding,videos,,,,TRUE,TRUE
horseshoes,videos,,,,TRUE,TRUE
hot air ballooning,videos,,,,TRUE,TRUE
houseplant care,videos,,,,TRUE,TRUE
hula hooping,videos,,,,TRUE,TRUE
humor,videos,,,,TRUE,TRUE
hunting,videos,,,,TRUE,TRUE
hydroponics,videos,,,,TRUE,TRUE
ice hockey,videos,,,,TRUE,TRUE
ice sculpture,videos,,,,TRUE,TRUE
ice skating,videos,,,,TRUE,TRUE
iceboat racing,videos,,,,TRUE,TRUE
iceskating,videos,,,,TRUE,TRUE
illusion,videos,,,,TRUE,TRUE
impersonations,videos,,,,TRUE,TRUE
inline skating,videos,,,,TRUE,TRUE
internet,videos,,,,TRUE,TRUE
inventing,videos,,,,TRUE,TRUE
jazz,videos,,,,TRUE,TRUE
jenga,videos,,,,TRUE,TRUE
jet engines,videos,,,,TRUE,TRUE
jewelery making,videos,,,,TRUE,TRUE
jewelry making,videos,,,,TRUE,TRUE
jigsaw puzzle,videos,,,,TRUE,TRUE
jigsaw puzzles,videos,,,,TRUE,TRUE
jogging,videos,,,,TRUE,TRUE
journaling,videos,,,,TRUE,TRUE
judo,videos,,,,TRUE,TRUE
juggling,videos,,,,TRUE,TRUE
jujitsu,videos,,,,TRUE,TRUE
jukskei,videos,,,,TRUE,TRUE
jump roping,videos,,,,TRUE,TRUE
jumping rope,videos,,,,TRUE,TRUE
kabaddi,videos,,,,TRUE,TRUE
karaoke,videos,,,,TRUE,TRUE
karate,videos,,,,TRUE,TRUE
kart racing,videos,,,,TRUE,TRUE
kayaking,videos,,,,TRUE,TRUE
keep a journal,videos,,,,TRUE,TRUE
kendama,videos,,,,TRUE,TRUE
kickboxing,videos,,,,TRUE,TRUE
kitchen chemistry,videos,,,,TRUE,TRUE
kite boarding,videos,,,,TRUE,TRUE
kite flying,videos,,,,TRUE,TRUE
kites,videos,,,,TRUE,TRUE
kitesurfing,videos,,,,TRUE,TRUE
knife collecting,videos,,,,TRUE,TRUE
knife making,videos,,,,TRUE,TRUE
knife throwing,videos,,,,TRUE,TRUE
knitting,videos,,,,TRUE,TRUE
knot tying,videos,,,,TRUE,TRUE
knotting,videos,,,,TRUE,TRUE
knowledge,videos,,,,TRUE,TRUE
kombucha brewing,videos,,,,TRUE,TRUE
krav maga,videos,,,,TRUE,TRUE
lace making,videos,,,,TRUE,TRUE
lacrosse,videos,,,,TRUE,TRUE
language learning,videos,,,,TRUE,TRUE
lapidary,videos,,,,TRUE,TRUE
larping,videos,,,,TRUE,TRUE
laser tag,videos,,,,TRUE,TRUE
lasers,videos,,,,TRUE,TRUE
latin dance,videos,,,,TRUE,TRUE
lawn darts,videos,,,,TRUE,TRUE
learn to play poker,videos,,,,TRUE,TRUE
learning,videos,,,,TRUE,TRUE
learning a foreign language,videos,,,,TRUE,TRUE
learning an instrument,videos,,,,TRUE,TRUE
learning to pilot a plane,videos,,,,TRUE,TRUE
leather crafting,videos,,,,TRUE,TRUE
leather tooling,videos,,,,TRUE,TRUE
leathercrafting,videos,,,,TRUE,TRUE
lego building,videos,,,,TRUE,TRUE
legos,videos,,,,TRUE,TRUE
letterboxing,videos,,,,TRUE,TRUE
listening to music,videos,,,,TRUE,TRUE
listening to podcasts,videos,,,,TRUE,TRUE
lock picking,videos,,,,TRUE,TRUE
locksport,videos,,,,TRUE,TRUE
longboarding,videos,,,,TRUE,TRUE
long-distance running,videos,,,,TRUE,TRUE
machining,videos,,,,TRUE,TRUE
macrame,videos,,,,TRUE,TRUE
magic,videos,,,,TRUE,TRUE
magnet fishing,videos,,,,TRUE,TRUE
mahjong,videos,,,,TRUE,TRUE
makeup,videos,,,,TRUE,TRUE
making dream-catchers,videos,,,,TRUE,TRUE
making model cars,videos,,,,TRUE,TRUE
marbles,videos,,,,TRUE,TRUE
marching band,videos,,,,TRUE,TRUE
marksmanship,videos,,,,TRUE,TRUE
martial arts,videos,,,,TRUE,TRUE
matchstick modeling,videos,,,,TRUE,TRUE
mathematics,videos,,,,TRUE,TRUE
meditating,videos,,,,TRUE,TRUE
meditation,videos,,,,TRUE,TRUE
metal detecting,videos,,,,TRUE,TRUE
metal working,videos,,,,TRUE,TRUE
metalworking,videos,,,,TRUE,TRUE
meteorology,videos,,,,TRUE,TRUE
microscopy,videos,,,,TRUE,TRUE
mixology,videos,,,,TRUE,TRUE
model aircraft,videos,,,,TRUE,TRUE
model building,videos,,,,TRUE,TRUE
model engineering,videos,,,,TRUE,TRUE
model racing,videos,,,,TRUE,TRUE
model railroading,videos,,,,TRUE,TRUE
model railroads,videos,,,,TRUE,TRUE
model rockets,videos,,,,TRUE,TRUE
model united nations,videos,,,,TRUE,TRUE
modeling ships,videos,,,,TRUE,TRUE
models,videos,,,,TRUE,TRUE
modern,videos,,,,TRUE,TRUE
motor sports,videos,,,,TRUE,TRUE
motorcycles,videos,,,,TRUE,TRUE
mountain biking,videos,,,,TRUE,TRUE
mountain climbing,videos,,,,TRUE,TRUE
mountaineering,videos,,,,TRUE,TRUE
movie watching,videos,,,,TRUE,TRUE
museum visiting,videos,,,,TRUE,TRUE
mushroom hunting,videos,,,,TRUE,TRUE
mycology,videos,,,,TRUE,TRUE
nail art,videos,,,,TRUE,TRUE
needlepoint,videos,,,,TRUE,TRUE
netball,videos,,,,TRUE,TRUE
nordic skating,videos,,,,TRUE,TRUE
oil painting,videos,,,,TRUE,TRUE
orienteering,videos,,,,TRUE,TRUE
origami,videos,,,,TRUE,TRUE
owning an antique car,videos,,,,TRUE,TRUE
paintball,videos,,,,TRUE,TRUE
painting,videos,,,,TRUE,TRUE
palmistry,videos,,,,TRUE,TRUE
papermache,videos,,,,TRUE,TRUE
papermaking,videos,,,,TRUE,TRUE
parachuting,videos,,,,TRUE,TRUE
paragliding or power paragliding,videos,,,,TRUE,TRUE
parkour,videos,,,,TRUE,TRUE
pastel painting,videos,,,,TRUE,TRUE
people watching,videos,,,,TRUE,TRUE
percussion drums,videos,,,,TRUE,TRUE
perfume,videos,,,,TRUE,TRUE
pet,videos,,,,TRUE,TRUE
pet adoption,videos,,,,TRUE,TRUE
pet fostering,videos,,,,TRUE,TRUE
philately,videos,,,,TRUE,TRUE
phillumeny,videos,,,,TRUE,TRUE
photography,videos,,,,TRUE,TRUE
physics,videos,,,,TRUE,TRUE
piano,videos,,,,TRUE,TRUE
pickleball,videos,,,,TRUE,TRUE
pilates,videos,,,,TRUE,TRUE
pinochle,videos,,,,TRUE,TRUE
pipe smoking,videos,,,,TRUE,TRUE
planking,videos,,,,TRUE,TRUE
playing music,videos,,,,TRUE,TRUE
playing musical instruments,videos,,,,TRUE,TRUE
playing team sports,videos,,,,TRUE,TRUE
podcast hosting,videos,,,,TRUE,TRUE
poi,videos,,,,TRUE,TRUE
poker,videos,,,,TRUE,TRUE
pole dancing,videos,,,,TRUE,TRUE
polo,videos,,,,TRUE,TRUE
pooktre,videos,,,,TRUE,TRUE
pool,videos,,,,TRUE,TRUE
pottery,videos,,,,TRUE,TRUE
powerboat racing,videos,,,,TRUE,TRUE
powerboking,videos,,,,TRUE,TRUE
powerlifting,videos,,,,TRUE,TRUE
practical jokes,videos,,,,TRUE,TRUE
pressed flower craft,videos,,,,TRUE,TRUE
protesting,videos,,,,TRUE,TRUE
psychology,videos,,,,TRUE,TRUE
public transport riding,videos,,,,TRUE,TRUE
puppetry,videos,,,,TRUE,TRUE
puzzles,videos,,,,TRUE,TRUE
pyrotechnics,videos,,,,TRUE,TRUE
quidditch,videos,,,,TRUE,TRUE
quilling,videos,,,,TRUE,TRUE
quilting,videos,,,,TRUE,TRUE
quizzes,videos,,,,TRUE,TRUE
race walking,videos,,,,TRUE,TRUE
racing pigeons,videos,,,,TRUE,TRUE
racquetball,videos,,,,TRUE,TRUE
radio-controlled car racing,videos,,,,TRUE,TRUE
radio-controlled model,videos,,,,TRUE,TRUE
rafting,videos,,,,TRUE,TRUE
rail transport modeling,videos,,,,TRUE,TRUE
rail transport modelling,videos,,,,TRUE,TRUE
railfans,videos,,,,TRUE,TRUE
railway journeys,videos,,,,TRUE,TRUE
railway studies,videos,,,,TRUE,TRUE
rappelling,videos,,,,TRUE,TRUE
rapping,videos,,,,TRUE,TRUE
raquetball,videos,,,,TRUE,TRUE
rc boats,videos,,,,TRUE,TRUE
rc cars,videos,,,,TRUE,TRUE
rc helicopters,videos,,,,TRUE,TRUE
rc planes,videos,,,,TRUE,TRUE
reading,videos,,,,TRUE,TRUE
reading to the elderly,videos,,,,TRUE,TRUE
refinishing,videos,,,,TRUE,TRUE
reiki,videos,,,,TRUE,TRUE
relaxing,videos,,,,TRUE,TRUE
renaissance faire,videos,,,,TRUE,TRUE
renting movies,videos,,,,TRUE,TRUE
rescuing abused or abandoned animals,videos,,,,TRUE,TRUE
research,videos,,,,TRUE,TRUE
researching,videos,,,,TRUE,TRUE
ringette,videos,,,,TRUE,TRUE
road biking,videos,,,,TRUE,TRUE
robot combat,videos,,,,TRUE,TRUE
robotics,videos,,,,TRUE,TRUE
rock balancing,videos,,,,TRUE,TRUE
rock climbing,videos,,,,TRUE,TRUE
rock tumbling,videos,,,,TRUE,TRUE
rockets,videos,,,,TRUE,TRUE
rocking aids babies,videos,,,,TRUE,TRUE
roleplaying,videos,,,,TRUE,TRUE
role-playing games,videos,,,,TRUE,TRUE
roller blading,videos,,,,TRUE,TRUE
roller derby,videos,,,,TRUE,TRUE
roller skating,videos,,,,TRUE,TRUE
rubics cube,videos,,,,TRUE,TRUE
rubik's cube,videos,,,,TRUE,TRUE
rugby,videos,,,,TRUE,TRUE
rugby league football,videos,,,,TRUE,TRUE
running,videos,,,,TRUE,TRUE
sailing,videos,,,,TRUE,TRUE
saltwater aquariums,videos,,,,TRUE,TRUE
sand art,videos,,,,TRUE,TRUE
sand castle making,videos,,,,TRUE,TRUE
sand castles,videos,,,,TRUE,TRUE
sandcastle building,videos,,,,TRUE,TRUE
satellite watching,videos,,,,TRUE,TRUE
saxophone,videos,,,,TRUE,TRUE
scale model building,videos,,,,TRUE,TRUE
science and technology studies,videos,,,,TRUE,TRUE
scouting,videos,,,,TRUE,TRUE
scrabble,videos,,,,TRUE,TRUE
scrapbooking,videos,,,,TRUE,TRUE
scuba diving,videos,,,,TRUE,TRUE
sculling or rowing,videos,,,,TRUE,TRUE
sculpting,videos,,,,TRUE,TRUE
scutelliphily,videos,,,,TRUE,TRUE
self defense,videos,,,,TRUE,TRUE
shark fishing,videos,,,,TRUE,TRUE
shoemaking,videos,,,,TRUE,TRUE
shogi,videos,,,,TRUE,TRUE
shooting,videos,,,,TRUE,TRUE
shooting sport,videos,,,,TRUE,TRUE
shopping,videos,,,,TRUE,TRUE
shortwave listening,videos,,,,TRUE,TRUE
shuffleboard,videos,,,,TRUE,TRUE
singing,videos,,,,TRUE,TRUE
singing in choir,videos,,,,TRUE,TRUE
skateboarding,videos,,,,TRUE,TRUE
skating,videos,,,,TRUE,TRUE
skeet shooting,videos,,,,TRUE,TRUE
sketching,videos,,,,TRUE,TRUE
skiing,videos,,,,TRUE,TRUE
skimboarding,videos,,,,TRUE,TRUE
skipping rocks,videos,,,,TRUE,TRUE
skipping rope,videos,,,,TRUE,TRUE
sky diving,videos,,,,TRUE,TRUE
skydiving,videos,,,,TRUE,TRUE
slack lining,videos,,,,TRUE,TRUE
slacklining,videos,,,,TRUE,TRUE
sled dog racing,videos,,,,TRUE,TRUE
sleeping,videos,,,,TRUE,TRUE
slingshots,videos,,,,TRUE,TRUE
slot car,videos,,,,TRUE,TRUE
slot car racing,videos,,,,TRUE,TRUE
snorkeling,videos,,,,TRUE,TRUE
snowboarding,videos,,,,TRUE,TRUE
snowmobiling,videos,,,,TRUE,TRUE
snowshoeing,videos,,,,TRUE,TRUE
soap making,videos,,,,TRUE,TRUE
soap sculpture,videos,,,,TRUE,TRUE
soapmaking,videos,,,,TRUE,TRUE
soccer,videos,,,,TRUE,TRUE
social media,videos,,,,TRUE,TRUE
social studies,videos,,,,TRUE,TRUE
socializing,videos,,,,TRUE,TRUE
softball,videos,,,,TRUE,TRUE
soldering,videos,,,,TRUE,TRUE
speed cubing,videos,,,,TRUE,TRUE
speed skating,videos,,,,TRUE,TRUE
speedcubing,videos,,,,TRUE,TRUE
spelunkering,videos,,,,TRUE,TRUE
sport stacking,videos,,,,TRUE,TRUE
sports memorabilia,videos,,,,TRUE,TRUE
sports science,videos,,,,TRUE,TRUE
spreadsheets,videos,,,,TRUE,TRUE
squash,videos,,,,TRUE,TRUE
stand-up comedy,videos,,,,TRUE,TRUE
stargazing,videos,,,,TRUE,TRUE
stone sculpture,videos,,,,TRUE,TRUE
stone skipping,videos,,,,TRUE,TRUE
storm chasing,videos,,,,TRUE,TRUE
storytelling,videos,,,,TRUE,TRUE
string figures,videos,,,,TRUE,TRUE
sudoku,videos,,,,TRUE,TRUE
sun bathing,videos,,,,TRUE,TRUE
sun tanning,videos,,,,TRUE,TRUE
surf fishing,videos,,,,TRUE,TRUE
surfing,videos,,,,TRUE,TRUE
survival,videos,,,,TRUE,TRUE
survival prepping,videos,,,,TRUE,TRUE
survivalism,videos,,,,TRUE,TRUE
swimming,videos,,,,TRUE,TRUE
swing,videos,,,,TRUE,TRUE
table football,videos,,,,TRUE,TRUE
table tennis,videos,,,,TRUE,TRUE
tabletop games,videos,,,,TRUE,TRUE
tae kwon do,videos,,,,TRUE,TRUE
taekwondo,videos,,,,TRUE,TRUE
tai chi,videos,,,,TRUE,TRUE
taking photos,videos,,,,TRUE,TRUE
tap,videos,,,,TRUE,TRUE
tapestry weaving,videos,,,,TRUE,TRUE
target shooting,videos,,,,TRUE,TRUE
tarot,videos,,,,TRUE,TRUE
tatting,videos,,,,TRUE,TRUE
taxidermy,videos,,,,TRUE,TRUE
tea tasting,videos,,,,TRUE,TRUE
tennis,videos,,,,TRUE,TRUE
tennis polo,videos,,,,TRUE,TRUE
tesla coils,videos,,,,TRUE,TRUE
tether car,videos,,,,TRUE,TRUE
tetris,videos,,,,TRUE,TRUE
textiles,videos,,,,TRUE,TRUE
texting,videos,,,,TRUE,TRUE
thrifting,videos,,,,TRUE,TRUE
thru-hiking,videos,,,,TRUE,TRUE
toll painting,videos,,,,TRUE,TRUE
tombstone rubbing,videos,,,,TRUE,TRUE
tool collecting,videos,,,,TRUE,TRUE
topiary,videos,,,,TRUE,TRUE
tour skating,videos,,,,TRUE,TRUE
tourism,videos,,,,TRUE,TRUE
toy collecting,videos,,,,TRUE,TRUE
trade fair visiting,videos,,,,TRUE,TRUE
train spotting,videos,,,,TRUE,TRUE
trainspotting,videos,,,,TRUE,TRUE
trapshooting,videos,,,,TRUE,TRUE
travel,videos,,,,TRUE,TRUE
traveling,videos,,,,TRUE,TRUE
treasure hunting,videos,,,,TRUE,TRUE
trekkie,videos,,,,TRUE,TRUE
triathlon,videos,,,,TRUE,TRUE
trivia,videos,,,,TRUE,TRUE
trombone,videos,,,,TRUE,TRUE
trumpet,videos,,,,TRUE,TRUE
tutoring children,videos,,,,TRUE,TRUE
tv watching,videos,,,,TRUE,TRUE
ultimate frisbee,videos,,,,TRUE,TRUE
urban exploration,videos,,,,TRUE,TRUE
vacation,videos,,,,TRUE,TRUE
vegetable farming,videos,,,,TRUE,TRUE
vehicle restoration,videos,,,,TRUE,TRUE
ventriloquy,videos,,,,TRUE,TRUE
video editing,videos,,,,TRUE,TRUE
video game collecting,videos,,,,TRUE,TRUE
video game developing,videos,,,,TRUE,TRUE
video gaming,videos,,,,TRUE,TRUE
videography,videos,,,,TRUE,TRUE
vintage cars,videos,,,,TRUE,TRUE
vintage clothing,videos,,,,TRUE,TRUE
vinyl records,videos,,,,TRUE,TRUE
violin,videos,,,,TRUE,TRUE
virtual reality,videos,,,,TRUE,TRUE
volleyball,videos,,,,TRUE,TRUE
volunteer,videos,,,,TRUE,TRUE
volunteering,videos,,,,TRUE,TRUE
walking,videos,,,,TRUE,TRUE
warhammer,videos,,,,TRUE,TRUE
watching movies,videos,,,,TRUE,TRUE
watching sporting events,videos,,,,TRUE,TRUE
watching television,videos,,,,TRUE,TRUE
water color painting,videos,,,,TRUE,TRUE
water polo,videos,,,,TRUE,TRUE
water sports,videos,,,,TRUE,TRUE
waxing,videos,,,,TRUE,TRUE
weather watcher,videos,,,,TRUE,TRUE
weaving,videos,,,,TRUE,TRUE
webtooning,videos,,,,TRUE,TRUE
weight training,videos,,,,TRUE,TRUE
weightlifting,videos,,,,TRUE,TRUE
welding,videos,,,,TRUE,TRUE
whale watching,videos,,,,TRUE,TRUE
whittling,videos,,,,TRUE,TRUE
wikipedia editing,videos,,,,TRUE,TRUE
windsurfing,videos,,,,TRUE,TRUE
wine making,videos,,,,TRUE,TRUE
winemaking,videos,,,,TRUE,TRUE
wingsuit flying,videos,,,,TRUE,TRUE
wood carving,videos,,,,TRUE,TRUE
woodcarving,videos,,,,TRUE,TRUE
woodworking,videos,,,,TRUE,TRUE
word games,videos,,,,TRUE,TRUE
word searches,videos,,,,TRUE,TRUE
working in a food pantry,videos,,,,TRUE,TRUE
working on cars,videos,,,,TRUE,TRUE
world record breaking,videos,,,,TRUE,TRUE
worldbuilding,videos,,,,TRUE,TRUE
wrestling,videos,,,,TRUE,TRUE
writing,videos,,,,TRUE,TRUE
writing music,videos,,,,TRUE,TRUE
writing poetry,videos,,,,TRUE,TRUE
writing prose,videos,,,,TRUE,TRUE
writing songs,videos,,,,TRUE,TRUE
yoga,videos,,,,TRUE,TRUE
yoyo,videos,,,,TRUE,TRUE
yo-yoing,videos,,,,TRUE,TRUE
ziplining,videos,,,,TRUE,TRUE
zumba,videos,,,,TRUE,TRUE
appliance warranties,videos,TRUE,TRUE,,,
cooktops,videos,TRUE,TRUE,,,
dishwashers,videos,TRUE,TRUE,,,
freezers,videos,TRUE,TRUE,,,
ice makers,videos,TRUE,TRUE,,,
range hoods,videos,TRUE,TRUE,,,
ranges,videos,TRUE,TRUE,,,
stove,videos,TRUE,TRUE,,,
stovetops,videos,TRUE,TRUE,,,
ovens,videos,TRUE,TRUE,,,
refrigerators,videos,TRUE,TRUE,,,
fridge,videos,TRUE,TRUE,,,
wall ovens,videos,TRUE,TRUE,,,
warming drawers,videos,TRUE,TRUE,,,
washers,videos,TRUE,TRUE,,,
dryers,videos,TRUE,TRUE,,,
wine cellars,videos,TRUE,TRUE,,,
book apps,videos,TRUE,TRUE,,,
comic apps,videos,TRUE,TRUE,,,
business apps,videos,TRUE,TRUE,,,
communication apps,videos,TRUE,TRUE,,,
customization apps,videos,TRUE,TRUE,,,
education apps,videos,TRUE,TRUE,,,
finance apps,videos,TRUE,TRUE,,,
food apps,videos,TRUE,TRUE,,,
drink apps,videos,TRUE,TRUE,,,
game apps,videos,TRUE,TRUE,,,
health apps,videos,TRUE,TRUE,,,
fitness apps,videos,TRUE,TRUE,,,
apps for kids,videos,TRUE,TRUE,,,
lifestyle apps,videos,TRUE,TRUE,,,
local apps,videos,TRUE,TRUE,,,
magazine apps,videos,TRUE,TRUE,,,
medical apps,videos,TRUE,TRUE,,,
movie apps,videos,TRUE,TRUE,,,
tv apps,videos,TRUE,TRUE,,,
music apps,videos,TRUE,TRUE,,,
audio apps,videos,TRUE,TRUE,,,
news apps,videos,TRUE,TRUE,,,
novelty apps,videos,TRUE,TRUE,,,
photo apps,videos,TRUE,TRUE,,,
video apps,videos,TRUE,TRUE,,,
productivity apps,videos,TRUE,TRUE,,,
reference apps,videos,TRUE,TRUE,,,
shopping apps,videos,TRUE,TRUE,,,
social apps,videos,TRUE,TRUE,,,
sports apps,videos,TRUE,TRUE,,,
transportation apps,videos,TRUE,TRUE,,,
travel apps,videos,TRUE,TRUE,,,
utility apps,videos,TRUE,TRUE,,,
weather apps,videos,TRUE,TRUE,,,
book games,videos,TRUE,TRUE,TRUE,,
comic games,videos,TRUE,TRUE,TRUE,,
business games,videos,TRUE,TRUE,TRUE,,
communication games,videos,TRUE,TRUE,TRUE,,
customization games,videos,TRUE,TRUE,TRUE,,
education games,videos,TRUE,TRUE,TRUE,,
finance games,videos,TRUE,TRUE,TRUE,,
food games,videos,TRUE,TRUE,TRUE,,
drink games,videos,TRUE,TRUE,TRUE,,
health games,videos,TRUE,TRUE,TRUE,,
fitness games,videos,TRUE,TRUE,TRUE,,
games for kids,videos,TRUE,TRUE,TRUE,,
lifestyle games,videos,TRUE,TRUE,TRUE,,
local games,videos,TRUE,TRUE,TRUE,,
magazine games,videos,TRUE,TRUE,TRUE,,
medical games,videos,TRUE,TRUE,TRUE,,
movie games,videos,TRUE,TRUE,TRUE,,
tv games,videos,TRUE,TRUE,TRUE,,
music games,videos,TRUE,TRUE,TRUE,,
audio games,videos,TRUE,TRUE,TRUE,,
news games,videos,TRUE,TRUE,TRUE,,
novelty games,videos,TRUE,TRUE,TRUE,,
photo games,videos,TRUE,TRUE,TRUE,,
productivity games,videos,TRUE,TRUE,TRUE,,
reference games,videos,TRUE,TRUE,TRUE,,
shopping games,videos,TRUE,TRUE,TRUE,,
social games,videos,TRUE,TRUE,TRUE,,
sports games,videos,TRUE,TRUE,TRUE,,
transportation games,videos,TRUE,TRUE,TRUE,,
travel games,videos,TRUE,TRUE,TRUE,,
utility games,videos,TRUE,TRUE,TRUE,,
weather games,videos,TRUE,TRUE,TRUE,,
beading,videos,TRUE,TRUE,,TRUE,TRUE
craft supplies,videos,TRUE,TRUE,,TRUE,TRUE
fabric,videos,TRUE,TRUE,,TRUE,TRUE
fabric painting,videos,TRUE,TRUE,,TRUE,TRUE
dyeing,videos,TRUE,TRUE,,TRUE,TRUE
needlework,videos,TRUE,TRUE,,TRUE,TRUE
craft organization,videos,TRUE,TRUE,,TRUE,TRUE
sewing organization,videos,TRUE,TRUE,,TRUE,TRUE
art organization,videos,TRUE,TRUE,,TRUE,TRUE
craft storage,videos,TRUE,TRUE,,TRUE,TRUE
sewing storage,videos,TRUE,TRUE,,TRUE,TRUE
art storage,videos,TRUE,TRUE,,TRUE,TRUE
painting supplies,videos,TRUE,TRUE,,TRUE,TRUE
drawing supplies,videos,TRUE,TRUE,,TRUE,TRUE
art supplies,videos,TRUE,TRUE,,TRUE,TRUE
photo transfer supplies,videos,TRUE,TRUE,,TRUE,TRUE
photo coloring supplies,videos,TRUE,TRUE,,TRUE,TRUE
printmaking,videos,TRUE,TRUE,,TRUE,TRUE
thread,videos,TRUE,TRUE,,TRUE,TRUE
floss,videos,TRUE,TRUE,,TRUE,TRUE
yarn,videos,TRUE,TRUE,,TRUE,TRUE
car care,videos,TRUE,TRUE,,TRUE,TRUE
exterior automotive accessories,videos,TRUE,TRUE,,,
interior automotive accessories,videos,TRUE,TRUE,,,
automotive lighting,videos,TRUE,TRUE,,,
automotive lighting accessories,videos,TRUE,TRUE,,,
motorcycle parts,videos,TRUE,TRUE,,,
oem car parts,videos,TRUE,TRUE,,,
automotive cleaning,videos,TRUE,TRUE,,,
automotive cleaning supplies,videos,TRUE,TRUE,,,
car wash supplies,videos,TRUE,TRUE,,,
wheel rim cleaning supplies,videos,TRUE,TRUE,,,
atv parts,videos,TRUE,TRUE,,,
automotive oils,videos,TRUE,TRUE,,,
automotive fluids,videos,TRUE,TRUE,,,
automotive paint,videos,TRUE,TRUE,,,
automotive paint supplies,videos,TRUE,TRUE,,,
automotive performance parts,videos,TRUE,TRUE,,,
automotive performance accessories,videos,TRUE,TRUE,,,
automotive replacement parts,videos,TRUE,TRUE,,,
rv parts,videos,TRUE,TRUE,,,
rv accessories,videos,TRUE,TRUE,,,
automotive tools,videos,TRUE,TRUE,,,
automotive equipment,videos,TRUE,TRUE,,,
automotive wheels,videos,TRUE,TRUE,,,
automotive tires,videos,TRUE,TRUE,,,
baby activity,videos,TRUE,TRUE,,TRUE,TRUE
baby entertainment,videos,TRUE,TRUE,,TRUE,TRUE
baby care,videos,TRUE,TRUE,TRUE,TRUE,TRUE
car seats,videos,TRUE,TRUE,TRUE,TRUE,TRUE
infant care,videos,TRUE,TRUE,TRUE,TRUE,TRUE
infant carseats,videos,TRUE,TRUE,TRUE,TRUE,TRUE
baby toys,videos,TRUE,TRUE,TRUE,TRUE,TRUE
diapering,videos,TRUE,TRUE,TRUE,TRUE,TRUE
baby feeding,videos,TRUE,TRUE,TRUE,TRUE,TRUE
infant feeding,videos,TRUE,TRUE,TRUE,TRUE,TRUE
baby products for moms,videos,TRUE,TRUE,TRUE,TRUE,TRUE
baby gifts,videos,TRUE,TRUE,TRUE,TRUE,TRUE
nursery,videos,TRUE,TRUE,TRUE,TRUE,TRUE
potty training,videos,TRUE,TRUE,TRUE,TRUE,TRUE
baby safety,videos,TRUE,TRUE,TRUE,TRUE,TRUE
strollers,videos,TRUE,TRUE,TRUE,TRUE,TRUE
baby travel gear,videos,TRUE,TRUE,TRUE,TRUE,TRUE
bath accessories,videos,TRUE,TRUE,TRUE,TRUE,TRUE
bathing accessories,videos,TRUE,TRUE,TRUE,TRUE,TRUE
foot care,videos,TRUE,TRUE,TRUE,TRUE,TRUE
hand care,videos,TRUE,TRUE,TRUE,TRUE,TRUE
nail care,videos,TRUE,TRUE,TRUE,TRUE,TRUE
foot care tools,videos,TRUE,TRUE,TRUE,TRUE,TRUE
hand care tools,videos,TRUE,TRUE,TRUE,TRUE,TRUE
nail care tools,videos,TRUE,TRUE,TRUE,TRUE,TRUE
foot care kit,videos,TRUE,TRUE,TRUE,TRUE,TRUE
hand care kit,videos,TRUE,TRUE,TRUE,TRUE,TRUE
nail care kit,videos,TRUE,TRUE,TRUE,TRUE,TRUE
hair care accessories,videos,TRUE,TRUE,TRUE,TRUE,TRUE
hair care kit,videos,TRUE,TRUE,TRUE,TRUE,TRUE
hair care tools,videos,TRUE,TRUE,TRUE,TRUE,TRUE
foot care accessories,videos,TRUE,TRUE,TRUE,TRUE,TRUE
hand care accessories,videos,TRUE,TRUE,TRUE,TRUE,TRUE
nail care accessories,videos,TRUE,TRUE,TRUE,TRUE,TRUE
fragrance,videos,TRUE,TRUE,TRUE,TRUE,TRUE
beauty gift sets,videos,TRUE,TRUE,TRUE,TRUE,TRUE
hair care,videos,TRUE,TRUE,TRUE,TRUE,TRUE
makeup kit,videos,TRUE,TRUE,TRUE,TRUE,TRUE
eyeliner,videos,TRUE,TRUE,TRUE,TRUE,TRUE
lip gloss,videos,TRUE,TRUE,TRUE,TRUE,TRUE
eye shadow,videos,TRUE,TRUE,TRUE,TRUE,TRUE
makeup primer,videos,TRUE,TRUE,TRUE,TRUE,TRUE
makeup foundation,videos,TRUE,TRUE,TRUE,TRUE,TRUE
exfoliant,videos,TRUE,TRUE,TRUE,TRUE,TRUE
facial wash,videos,TRUE,TRUE,TRUE,TRUE,TRUE
makeup remover,videos,TRUE,TRUE,TRUE,TRUE,TRUE
nail polish,videos,TRUE,TRUE,TRUE,TRUE,TRUE
nail polish remover,videos,TRUE,TRUE,TRUE,TRUE,TRUE
nail base coat,videos,TRUE,TRUE,TRUE,TRUE,TRUE
teeth whitener,videos,TRUE,TRUE,TRUE,TRUE,TRUE
lip color,videos,TRUE,TRUE,TRUE,TRUE,TRUE
lip balm,videos,TRUE,TRUE,TRUE,TRUE,TRUE
eyelashes,videos,TRUE,TRUE,TRUE,TRUE,TRUE
mascara,videos,TRUE,TRUE,TRUE,TRUE,TRUE
blush makeup,videos,TRUE,TRUE,TRUE,TRUE,TRUE
bronzer,videos,TRUE,TRUE,TRUE,TRUE,TRUE
tanning lotion,videos,TRUE,TRUE,TRUE,TRUE,TRUE
facial moisturizer,videos,TRUE,TRUE,TRUE,TRUE,TRUE
facial mask,videos,TRUE,TRUE,TRUE,TRUE,TRUE
lipstick,videos,TRUE,TRUE,TRUE,TRUE,TRUE
facial scrub,videos,TRUE,TRUE,TRUE,TRUE,TRUE
acne wash,videos,TRUE,TRUE,TRUE,TRUE,TRUE
skin care,videos,TRUE,TRUE,TRUE,TRUE,TRUE
beauty tools,videos,TRUE,TRUE,TRUE,TRUE,TRUE
beauty accessories,videos,TRUE,TRUE,TRUE,TRUE,TRUE
personal care tools,videos,TRUE,TRUE,TRUE,TRUE,TRUE
personal care accessories,videos,TRUE,TRUE,TRUE,TRUE,TRUE
camera accessories,videos,TRUE,TRUE,TRUE,,
camera bags,videos,TRUE,TRUE,TRUE,,
camera cases,videos,TRUE,TRUE,TRUE,,
binoculars,videos,TRUE,TRUE,TRUE,,
scopes,videos,TRUE,TRUE,TRUE,,
camcorders,videos,TRUE,TRUE,TRUE,,
digital picture frames,videos,TRUE,TRUE,TRUE,,
dslr cameras,videos,TRUE,TRUE,TRUE,,
lenses,videos,TRUE,TRUE,TRUE,,
point and shoot digital cameras,videos,TRUE,TRUE,TRUE,,
surveillance cameras,videos,TRUE,TRUE,TRUE,,
carrier cell phones,videos,TRUE,TRUE,TRUE,,
cell phone cases,videos,TRUE,TRUE,TRUE,,
cell phone holsters,videos,TRUE,TRUE,TRUE,,
cell phone clips,videos,TRUE,TRUE,TRUE,,
mobile broadband,videos,TRUE,TRUE,,,
cell phone sim cards,videos,TRUE,TRUE,,,
cell phone prepaid minutes,videos,TRUE,TRUE,,,
unlocked cell phones,videos,TRUE,TRUE,TRUE,,
athletic and fitness apparel,videos,TRUE,TRUE,TRUE,TRUE,TRUE
men's athletic and fitness apparel,videos,TRUE,TRUE,TRUE,TRUE,TRUE
women's athletic and fitness apparel,videos,TRUE,TRUE,TRUE,TRUE,TRUE
baby clothes,videos,TRUE,TRUE,TRUE,TRUE,TRUE
boy's clothes,videos,TRUE,TRUE,TRUE,TRUE,TRUE
costumes,videos,TRUE,TRUE,TRUE,TRUE,TRUE
clothing accessories,videos,TRUE,TRUE,TRUE,TRUE,TRUE
girl's clothes,videos,TRUE,TRUE,TRUE,TRUE,TRUE
luggage,videos,TRUE,TRUE,TRUE,TRUE,TRUE
travel gear,videos,TRUE,TRUE,TRUE,TRUE,TRUE
boy teen's clothing,videos,TRUE,TRUE,TRUE,TRUE,TRUE
girl teen's clothing,videos,TRUE,TRUE,TRUE,TRUE,TRUE
teen's clothing,videos,TRUE,TRUE,TRUE,TRUE,TRUE
teen fashion,videos,TRUE,TRUE,TRUE,TRUE,TRUE
men's fashion,videos,TRUE,TRUE,TRUE,TRUE,TRUE
women's fashion,videos,TRUE,TRUE,TRUE,TRUE,TRUE
men's clothing,videos,TRUE,TRUE,TRUE,TRUE,TRUE
novelty clothing,videos,TRUE,TRUE,TRUE,TRUE,TRUE
outdoor recreation apparel,videos,TRUE,TRUE,TRUE,TRUE,TRUE
men's outdoor recreation apparel,videos,TRUE,TRUE,TRUE,TRUE,TRUE
women's outdoor recreation apparel,videos,TRUE,TRUE,TRUE,TRUE,TRUE
shoe accessories,videos,TRUE,TRUE,TRUE,TRUE,TRUE
jewelry accessories,videos,TRUE,TRUE,TRUE,TRUE,TRUE
watch accessories,videos,TRUE,TRUE,TRUE,TRUE,TRUE
sports fan apparel,videos,TRUE,TRUE,TRUE,TRUE,TRUE
men's sports fan apparel,videos,TRUE,TRUE,TRUE,TRUE,TRUE
women's sports fan apparel,videos,TRUE,TRUE,TRUE,TRUE,TRUE
uniforms,videos,TRUE,TRUE,TRUE,TRUE,TRUE
work uniforms,videos,TRUE,TRUE,TRUE,TRUE,TRUE
safety uniforms,videos,TRUE,TRUE,TRUE,TRUE,TRUE
women's clothing,videos,TRUE,TRUE,TRUE,TRUE,TRUE
computer peripherals,videos,TRUE,TRUE,TRUE,,
computer components,videos,TRUE,TRUE,TRUE,,
data storage,videos,TRUE,TRUE,TRUE,,
desktop computers,videos,TRUE,TRUE,TRUE,,
external pc components,videos,TRUE,TRUE,TRUE,,
laptop accessories,videos,TRUE,TRUE,TRUE,,
laptops,videos,TRUE,TRUE,TRUE,,
computer monitors,videos,TRUE,TRUE,TRUE,,
networking products,videos,TRUE,TRUE,TRUE,,
printers,videos,TRUE,TRUE,TRUE,,
routers,videos,TRUE,TRUE,TRUE,,
computer scanners,videos,TRUE,TRUE,TRUE,,
computer servers,videos,TRUE,TRUE,TRUE,,
tablet accessories,videos,TRUE,TRUE,TRUE,,
tablets,videos,TRUE,TRUE,TRUE,,
computer warranties,videos,TRUE,TRUE,,,
computer services,videos,TRUE,TRUE,,,
audio content,videos,TRUE,TRUE,,,
audio services,videos,TRUE,TRUE,,,
website audits,videos,TRUE,TRUE,,,
marketing audits,videos,TRUE,TRUE,,,
ux audits,videos,TRUE,TRUE,,,
beauty consultations,videos,TRUE,TRUE,,,
style consultations,videos,TRUE,TRUE,,,
coaching,videos,TRUE,TRUE,,,
mentoring,videos,TRUE,TRUE,,,
content scripts,videos,TRUE,TRUE,,,
vpn,videos,TRUE,TRUE,,TRUE,TRUE
computer security,channels,,TRUE,,TRUE,TRUE
business courses,videos,TRUE,TRUE,,,
design courses,videos,TRUE,TRUE,,,
e-commerce courses,videos,TRUE,TRUE,,,
marketing courses,videos,TRUE,TRUE,,,
finance courses,videos,TRUE,TRUE,,,
accounting courses,videos,TRUE,TRUE,,,
health courses,videos,TRUE,TRUE,,,
fitness courses,videos,TRUE,TRUE,,,
it courses,videos,TRUE,TRUE,,,
software courses,videos,TRUE,TRUE,,,
lifestyle courses,videos,TRUE,TRUE,,,
music courses,videos,TRUE,TRUE,,,
office productivity courses,videos,TRUE,TRUE,,,
personal development courses,videos,TRUE,TRUE,,,
photography courses,videos,TRUE,TRUE,,,
programming courses,videos,TRUE,TRUE,,,
coding courses,videos,TRUE,TRUE,,,
software development courses,videos,TRUE,TRUE,,,
teaching courses,videos,TRUE,TRUE,,,
academic courses,videos,TRUE,TRUE,,,
business classes,videos,TRUE,TRUE,,,
design classes,videos,TRUE,TRUE,,,
e-commerce classes,videos,TRUE,TRUE,,,
marketing classes,videos,TRUE,TRUE,,,
finance classes,videos,TRUE,TRUE,,,
accounting classes,videos,TRUE,TRUE,,,
health classes,videos,TRUE,TRUE,,,
fitness classes,videos,TRUE,TRUE,,,
it classes,videos,TRUE,TRUE,,,
software classes,videos,TRUE,TRUE,,,
lifestyle classes,videos,TRUE,TRUE,,,
music classes,videos,TRUE,TRUE,,,
office productivity classes,videos,TRUE,TRUE,,,
personal development classes,videos,TRUE,TRUE,,,
photography classes,videos,TRUE,TRUE,,,
coding classes,videos,TRUE,TRUE,,,
programming classes,videos,TRUE,TRUE,,,
software development classes,videos,TRUE,TRUE,,,
teaching classes,videos,TRUE,TRUE,,,
academic classes,videos,TRUE,TRUE,,,
digital product patterns,videos,TRUE,TRUE,,,
business ebooks,videos,TRUE,TRUE,,,
design ebooks,videos,TRUE,TRUE,,,
e-commerce ebooks,videos,TRUE,TRUE,,,
marketing ebooks,videos,TRUE,TRUE,,,
fiction ebooks,videos,TRUE,TRUE,,,
finance ebooks,videos,TRUE,TRUE,,,
accounting ebooks,videos,TRUE,TRUE,,,
health ebooks,videos,TRUE,TRUE,,,
fitness ebooks,videos,TRUE,TRUE,,,
it ebooks,videos,TRUE,TRUE,,,
software ebooks,videos,TRUE,TRUE,,,
lifestyle ebooks,videos,TRUE,TRUE,,,
music ebooks,videos,TRUE,TRUE,,,
office productivity ebooks,videos,TRUE,TRUE,,,
personal development ebooks,videos,TRUE,TRUE,,,
photography ebooks,videos,TRUE,TRUE,,,
software development ebooks,videos,TRUE,TRUE,,,
coding ebooks,videos,TRUE,TRUE,,,
programming ebooks,videos,TRUE,TRUE,,,
teaching ebooks,videos,TRUE,TRUE,,,
academic ebooks,videos,TRUE,TRUE,,,
gift cards,videos,TRUE,TRUE,,,
graphic designs,videos,TRUE,TRUE,,,
graphic design elements,videos,TRUE,TRUE,,,
custom fonts,videos,TRUE,TRUE,,,
custom logos,videos,TRUE,TRUE,,,
custom icons,videos,TRUE,TRUE,,,
custom branding,videos,TRUE,TRUE,,,
downloadable guides,videos,TRUE,TRUE,,,
downloadable reports,videos,TRUE,TRUE,,,
whitepapers,videos,TRUE,TRUE,,,
magazine subscriptions,videos,TRUE,TRUE,,,
membership sites,videos,TRUE,TRUE,,,
nutrition plans,videos,TRUE,TRUE,,,
weightlifting plans,videos,TRUE,TRUE,,,
exercise plans,videos,TRUE,TRUE,,,
workout plans,videos,TRUE,TRUE,,,
meal-prep plans,videos,TRUE,TRUE,,,
online conferences,videos,TRUE,TRUE,,,
online events,videos,TRUE,TRUE,,,
photo content,videos,TRUE,TRUE,,,
photo services,videos,TRUE,TRUE,,,
printables,videos,TRUE,TRUE,,,
productized services,videos,TRUE,TRUE,,,
software plugins,videos,TRUE,TRUE,,,
software extensions,videos,TRUE,TRUE,,,
software applications,videos,TRUE,TRUE,,,
software-as-a-service (saas),videos,TRUE,TRUE,,,
tickets,videos,TRUE,TRUE,,,
video content,videos,TRUE,TRUE,,,
video services,videos,TRUE,TRUE,,,
website templates,videos,TRUE,TRUE,,,
website templates (wordpress),videos,TRUE,TRUE,,,
electronics accessories,videos,TRUE,TRUE,TRUE,,
electronics supplies,videos,TRUE,TRUE,TRUE,,
electronic cameras,videos,TRUE,TRUE,TRUE,,
electronic photo,videos,TRUE,TRUE,TRUE,,
car electronics,videos,TRUE,TRUE,TRUE,,
ebook readers,videos,TRUE,TRUE,TRUE,,
ebook reader accessories,videos,TRUE,TRUE,TRUE,,
gps products,videos,TRUE,TRUE,TRUE,,
navigation products,videos,TRUE,TRUE,TRUE,,
headphones,videos,TRUE,TRUE,TRUE,,
home audio products,videos,TRUE,TRUE,TRUE,,
home theater products,videos,TRUE,TRUE,TRUE,,
marine electronics,videos,TRUE,TRUE,TRUE,,
office electronics,videos,TRUE,TRUE,TRUE,,
portable audio electronics,videos,TRUE,TRUE,TRUE,,
portable video electronics,videos,TRUE,TRUE,TRUE,,
security electronics,videos,TRUE,TRUE,TRUE,,
surveillance electronics,videos,TRUE,TRUE,TRUE,,
electronics service plans,videos,TRUE,TRUE,,,
electronics warranty plans,videos,TRUE,TRUE,,,
televisions,videos,TRUE,TRUE,TRUE,,
video players,videos,TRUE,TRUE,TRUE,,
video game consoles,videos,TRUE,TRUE,TRUE,,
video game accessories,videos,TRUE,TRUE,TRUE,,
wearable technology,videos,TRUE,TRUE,TRUE,,
alcoholic beverages,videos,TRUE,TRUE,,,
baby foods,videos,TRUE,TRUE,,,
beverages,videos,TRUE,TRUE,,,
breads,videos,TRUE,TRUE,,,
bakery,videos,TRUE,TRUE,,,
breakfast foods,videos,TRUE,TRUE,,,
candy,videos,TRUE,TRUE,,,
chocolate,videos,TRUE,TRUE,,,
dairy,videos,TRUE,TRUE,,,
cheese,videos,TRUE,TRUE,,,
eggs,videos,TRUE,TRUE,,,
deli food,videos,TRUE,TRUE,,,
processed foods,videos,TRUE,TRUE,,,
food gifts,videos,TRUE,TRUE,,,
beverage gifts,videos,TRUE,TRUE,,,
drink gifts,videos,TRUE,TRUE,,,
flowers,videos,TRUE,TRUE,,,
indoor plants,videos,TRUE,TRUE,,,
fresh meal kits,videos,TRUE,TRUE,,,
frozen foods,videos,TRUE,TRUE,,,
beer brewing,videos,TRUE,TRUE,,,
distilling liquor,videos,TRUE,TRUE,,,
meat,videos,TRUE,TRUE,,,
seafood,videos,TRUE,TRUE,,,
meat substitutes,videos,TRUE,TRUE,,,
pantry staples,videos,TRUE,TRUE,,,
produce,videos,TRUE,TRUE,,,
snack foods,videos,TRUE,TRUE,,,
handmade baby products,videos,TRUE,TRUE,TRUE,TRUE,TRUE
handmade beauty products,videos,TRUE,TRUE,TRUE,TRUE,TRUE
handmade grooming products,videos,TRUE,TRUE,TRUE,TRUE,TRUE
handmade clothing,videos,TRUE,TRUE,TRUE,TRUE,TRUE
handmade shoes,videos,TRUE,TRUE,TRUE,TRUE,TRUE
handmade accessories,videos,TRUE,TRUE,TRUE,TRUE,TRUE
handmade electronics,videos,TRUE,TRUE,TRUE,TRUE,TRUE
handmade health products,videos,TRUE,TRUE,TRUE,TRUE,TRUE
handmade personal care products,videos,TRUE,TRUE,TRUE,TRUE,TRUE
handmade products for home,videos,TRUE,TRUE,TRUE,TRUE,TRUE
handmade products for kitchen,videos,TRUE,TRUE,TRUE,TRUE,TRUE
handmade jewelry,videos,TRUE,TRUE,TRUE,TRUE,TRUE
handmade pet accessories,videos,TRUE,TRUE,TRUE,TRUE,TRUE
handmade sports gear,videos,TRUE,TRUE,TRUE,TRUE,TRUE
handmade outdoor gear,videos,TRUE,TRUE,TRUE,TRUE,TRUE
handmade stationary,videos,TRUE,TRUE,TRUE,TRUE,TRUE
handmade party supplies,videos,TRUE,TRUE,TRUE,TRUE,TRUE
handmade toys,videos,TRUE,TRUE,TRUE,TRUE,TRUE
handmade games,videos,TRUE,TRUE,TRUE,TRUE,TRUE
baby care products,videos,TRUE,TRUE,TRUE,TRUE,TRUE
child care products,videos,TRUE,TRUE,TRUE,TRUE,TRUE
health care supplies,videos,TRUE,TRUE,TRUE,TRUE,TRUE
house supplies,videos,TRUE,TRUE,TRUE,TRUE,TRUE
medical supplies,videos,TRUE,TRUE,TRUE,TRUE,TRUE
medical equipment,videos,TRUE,TRUE,TRUE,TRUE,TRUE
oral care products,videos,TRUE,TRUE,TRUE,TRUE,TRUE
sexuality products,videos,TRUE,TRUE,TRUE,TRUE,TRUE
products for sexual wellness,videos,TRUE,TRUE,TRUE,TRUE,TRUE
sexual wellness products,videos,TRUE,TRUE,TRUE,TRUE,TRUE
sexual wellness,videos,TRUE,TRUE,TRUE,TRUE,TRUE
sports nutrition,videos,TRUE,TRUE,TRUE,TRUE,TRUE
vision care,videos,TRUE,TRUE,TRUE,TRUE,TRUE
vitamins,videos,TRUE,TRUE,TRUE,TRUE,TRUE
performance supplements,videos,TRUE,TRUE,TRUE,TRUE,TRUE
dietary supplements,videos,TRUE,TRUE,TRUE,TRUE,TRUE
wellness products,videos,TRUE,TRUE,TRUE,TRUE,TRUE
products for relaxation,videos,TRUE,TRUE,TRUE,TRUE,TRUE
home bath products,videos,TRUE,TRUE,TRUE,TRUE,TRUE
bedding,videos,TRUE,TRUE,TRUE,TRUE,TRUE
home cleaning supplies,videos,TRUE,TRUE,,,
furniture,videos,TRUE,TRUE,,,
home heating,videos,TRUE,TRUE,,,
home cooling,videos,TRUE,TRUE,,,
home air quality,videos,TRUE,TRUE,,,
home air filtration,videos,TRUE,TRUE,,,
home decor,videos,TRUE,TRUE,TRUE,TRUE,TRUE
clothes irons,videos,TRUE,TRUE,,,
clothes steamers,videos,TRUE,TRUE,,,
kitchen products,videos,TRUE,TRUE,TRUE,,
dining room products,videos,TRUE,TRUE,TRUE,,
seasonal decor,videos,TRUE,TRUE,TRUE,TRUE,TRUE
home storage,videos,TRUE,TRUE,TRUE,TRUE,TRUE
home organization,videos,TRUE,TRUE,TRUE,TRUE,TRUE
home vaccuum,videos,TRUE,TRUE,,,
hardwood care,videos,TRUE,TRUE,,TRUE,TRUE
home floor care,videos,TRUE,TRUE,,TRUE,TRUE
home wall decor,videos,TRUE,TRUE,TRUE,TRUE,TRUE
kitchen cleaning supplies,videos,TRUE,TRUE,TRUE,TRUE,TRUE
living room furniture,videos,TRUE,TRUE,,TRUE,TRUE
kitchen decor,videos,TRUE,TRUE,TRUE,TRUE,TRUE
kitchen storage,videos,TRUE,TRUE,TRUE,TRUE,TRUE
garage storage,videos,TRUE,TRUE,TRUE,TRUE,TRUE
bathroom storage,videos,TRUE,TRUE,,TRUE,TRUE
bedroom storage,videos,TRUE,TRUE,,TRUE,TRUE
laundry storage,videos,TRUE,TRUE,,TRUE,TRUE
kitchen tile care,videos,TRUE,TRUE,,TRUE,TRUE
kitchen organization,videos,TRUE,TRUE,,TRUE,TRUE
bathroom organization,videos,TRUE,TRUE,,TRUE,TRUE
garage organization,videos,TRUE,TRUE,,TRUE,TRUE
bedroom organization,videos,TRUE,TRUE,,TRUE,TRUE
closet storage,videos,TRUE,TRUE,,TRUE,TRUE
bathroom cleaners,videos,TRUE,TRUE,,,
garage cleaners,videos,TRUE,TRUE,,,
carpet cleaners,videos,TRUE,TRUE,,,
3d printers,videos,TRUE,TRUE,TRUE,TRUE,TRUE
3d printer supplies,videos,TRUE,TRUE,TRUE,TRUE,TRUE
additive manufacturing products,videos,TRUE,TRUE,TRUE,TRUE,TRUE
abrasive products,videos,TRUE,TRUE,,TRUE,TRUE
project painting products,videos,TRUE,TRUE,,TRUE,TRUE
finishing products,videos,TRUE,TRUE,,TRUE,TRUE
adhesives,videos,TRUE,TRUE,,TRUE,TRUE
sealants,videos,TRUE,TRUE,,TRUE,TRUE
lubricants,videos,TRUE,TRUE,,TRUE,TRUE
automatic irrigation equipment,videos,TRUE,TRUE,,TRUE,TRUE
commercial door products,videos,TRUE,TRUE,,TRUE,TRUE
commercial lighting,videos,TRUE,TRUE,,TRUE,TRUE
cutting tools,videos,TRUE,TRUE,,TRUE,TRUE
digital signage,videos,TRUE,TRUE,,TRUE,TRUE
fasteners,videos,TRUE,TRUE,,TRUE,TRUE
filtration,videos,TRUE,TRUE,,TRUE,TRUE
food service equipment,videos,TRUE,TRUE,,TRUE,TRUE
food service supplies,videos,TRUE,TRUE,,TRUE,TRUE
hydraulic products,videos,TRUE,TRUE,,TRUE,TRUE
pneumatic products,videos,TRUE,TRUE,,TRUE,TRUE
plumbing products,videos,TRUE,TRUE,,TRUE,TRUE
industrial electrical products,videos,TRUE,TRUE,,TRUE,TRUE
industrial hardware,videos,TRUE,TRUE,,TRUE,TRUE
janitorial supplies,videos,TRUE,TRUE,,TRUE,TRUE
sanitation supplies,videos,TRUE,TRUE,,TRUE,TRUE
lab products,videos,TRUE,TRUE,,TRUE,TRUE
material handling products,videos,TRUE,TRUE,,TRUE,TRUE
occupational health products,videos,TRUE,TRUE,,TRUE,TRUE
safety products,videos,TRUE,TRUE,,TRUE,TRUE
packaging supplies,videos,TRUE,TRUE,,TRUE,TRUE
shipping supplies,videos,TRUE,TRUE,,TRUE,TRUE
power tools,videos,TRUE,TRUE,TRUE,TRUE,TRUE
hand tools,videos,TRUE,TRUE,TRUE,TRUE,TRUE
power transmission products,videos,TRUE,TRUE,,TRUE,TRUE
professional dental supplies,videos,TRUE,TRUE,,TRUE,TRUE
professional medical supplies,videos,TRUE,TRUE,,TRUE,TRUE
raw materials,videos,TRUE,TRUE,,TRUE,TRUE
retail store fixtures,videos,TRUE,TRUE,,TRUE,TRUE
retail store equipment,videos,TRUE,TRUE,,TRUE,TRUE
robotic products,videos,TRUE,TRUE,,TRUE,TRUE
science education products,videos,TRUE,TRUE,,TRUE,TRUE
test products,videos,TRUE,TRUE,,TRUE,TRUE
measurement products,videos,TRUE,TRUE,,TRUE,TRUE
inspection products,videos,TRUE,TRUE,,TRUE,TRUE
bakeware,videos,TRUE,TRUE,TRUE,TRUE,TRUE
kitchen bar tools,videos,TRUE,TRUE,TRUE,TRUE,TRUE
kitchen drinkware,videos,TRUE,TRUE,TRUE,TRUE,TRUE
coffee appliances,videos,TRUE,TRUE,TRUE,TRUE,TRUE
tea appliances,videos,TRUE,TRUE,TRUE,TRUE,TRUE
espresso appliances,videos,TRUE,TRUE,TRUE,TRUE,TRUE
coffee tools,videos,TRUE,TRUE,TRUE,TRUE,TRUE
tea tools,videos,TRUE,TRUE,TRUE,TRUE,TRUE
espresso tools,videos,TRUE,TRUE,TRUE,TRUE,TRUE
cookware,videos,TRUE,TRUE,TRUE,TRUE,TRUE
cutlery accessories,videos,TRUE,TRUE,TRUE,TRUE,TRUE
kitchen knife set,videos,TRUE,TRUE,TRUE,TRUE,TRUE
dining set,videos,TRUE,TRUE,TRUE,TRUE,TRUE
entertaining set,videos,TRUE,TRUE,TRUE,TRUE,TRUE
glassware,videos,TRUE,TRUE,TRUE,TRUE,TRUE
drinkware,videos,TRUE,TRUE,TRUE,TRUE,TRUE
kitchen linens,videos,TRUE,TRUE,TRUE,TRUE,TRUE
table linens,videos,TRUE,TRUE,TRUE,TRUE,TRUE
kitchen utensils,videos,TRUE,TRUE,TRUE,TRUE,TRUE
kitchen gadgets,videos,TRUE,TRUE,TRUE,TRUE,TRUE
small kitchen appliances,videos,TRUE,TRUE,TRUE,TRUE,TRUE
wine accessories,videos,TRUE,TRUE,TRUE,TRUE,TRUE
band gear,videos,TRUE,TRUE,,TRUE,TRUE
orchestra gear,videos,TRUE,TRUE,,TRUE,TRUE
bass guitars,videos,TRUE,TRUE,,TRUE,TRUE
dj  gear,videos,TRUE,TRUE,TRUE,TRUE,TRUE
electronic music gear,videos,TRUE,TRUE,TRUE,TRUE,TRUE
karaoke gear,videos,TRUE,TRUE,TRUE,TRUE,TRUE
drums,videos,TRUE,TRUE,TRUE,TRUE,TRUE
percussion kits,videos,TRUE,TRUE,,TRUE,TRUE
guitars,videos,TRUE,TRUE,,TRUE,TRUE
instrument accessories,videos,TRUE,TRUE,,TRUE,TRUE
musical keyboards,videos,TRUE,TRUE,,TRUE,TRUE
live sound gear,videos,TRUE,TRUE,TRUE,TRUE,TRUE
stage gear,videos,TRUE,TRUE,TRUE,TRUE,TRUE
recording equipment,videos,TRUE,TRUE,TRUE,TRUE,TRUE
ukuleles,videos,TRUE,TRUE,,TRUE,TRUE
mandolins,videos,TRUE,TRUE,,TRUE,TRUE
banjos,videos,TRUE,TRUE,,TRUE,TRUE
office educational products,videos,TRUE,TRUE,,,
office craft products,videos,TRUE,TRUE,,,
office envelopes,videos,TRUE,TRUE,,,
office mail supplies,videos,TRUE,TRUE,,,
office shipping supplies,videos,TRUE,TRUE,,,
office furniture,videos,TRUE,TRUE,TRUE,,
office accessories,videos,TRUE,TRUE,,,
office lighting,videos,TRUE,TRUE,,,
office supplies,videos,TRUE,TRUE,,,
office whiteboards,videos,TRUE,TRUE,,,
office presentation boards,videos,TRUE,TRUE,,,
farm equipment,videos,TRUE,TRUE,,TRUE,TRUE
ranch equipment,videos,TRUE,TRUE,,TRUE,TRUE
gardening tools,videos,TRUE,TRUE,TRUE,TRUE,TRUE
gardening supplies,videos,TRUE,TRUE,TRUE,TRUE,TRUE
gardening equipment,videos,TRUE,TRUE,TRUE,TRUE,TRUE
portable generators,videos,TRUE,TRUE,,TRUE,TRUE
portable power generators,videos,TRUE,TRUE,,TRUE,TRUE
bbq grills,videos,TRUE,TRUE,TRUE,TRUE,TRUE
outdoor cooking gear,videos,TRUE,TRUE,TRUE,TRUE,TRUE
bbq accessories,videos,TRUE,TRUE,TRUE,TRUE,TRUE
grilling equipment,videos,TRUE,TRUE,TRUE,TRUE,TRUE
lawnmowers,videos,TRUE,TRUE,TRUE,TRUE,TRUE
outdoor power tools,videos,TRUE,TRUE,TRUE,TRUE,TRUE
outdoor decor,videos,TRUE,TRUE,TRUE,TRUE,TRUE
outdoor heating equipment,videos,TRUE,TRUE,,TRUE,TRUE
outdoor storage products,videos,TRUE,TRUE,,TRUE,TRUE
patio furniture,videos,TRUE,TRUE,TRUE,TRUE,TRUE
patio accessories,videos,TRUE,TRUE,TRUE,TRUE,TRUE
pest control,videos,TRUE,TRUE,,TRUE,TRUE
pools,videos,TRUE,TRUE,TRUE,TRUE,TRUE
hot tubs,videos,TRUE,TRUE,TRUE,TRUE,TRUE
pool supplies,videos,TRUE,TRUE,TRUE,TRUE,TRUE
hot tub supplies,videos,TRUE,TRUE,,TRUE,TRUE
snow removal equipment,videos,TRUE,TRUE,,TRUE,TRUE
pet bird supplies,videos,TRUE,TRUE,TRUE,TRUE,TRUE
pet cat supplies,videos,TRUE,TRUE,TRUE,TRUE,TRUE
pet dog supplies,videos,TRUE,TRUE,TRUE,TRUE,TRUE
pet fish supplies,videos,TRUE,TRUE,TRUE,TRUE,TRUE
aquatic pet supplies,videos,TRUE,TRUE,TRUE,TRUE,TRUE
horse supplies,videos,TRUE,TRUE,TRUE,TRUE,TRUE
pet reptile supplies,videos,TRUE,TRUE,TRUE,TRUE,TRUE
pet amphibian supplies,videos,TRUE,TRUE,TRUE,TRUE,TRUE
small animal supplies,videos,TRUE,TRUE,TRUE,TRUE,TRUE
accounting software,videos,TRUE,TRUE,,,
finance software,videos,TRUE,TRUE,,,
antivirus software,videos,TRUE,TRUE,,,
security software,videos,TRUE,TRUE,,,
business software,videos,TRUE,TRUE,,,
office software,videos,TRUE,TRUE,,,
children's software,videos,TRUE,TRUE,,,
software for kids,videos,TRUE,TRUE,,,
design software,videos,TRUE,TRUE,,,
illustration software,videos,TRUE,TRUE,,,
educational software,videos,TRUE,TRUE,,,
reference software,videos,TRUE,TRUE,,,
lifestyle software,videos,TRUE,TRUE,,,
hobby software,videos,TRUE,TRUE,,,
mac software,videos,TRUE,TRUE,,,
music software,videos,TRUE,TRUE,,,
networking software,videos,TRUE,TRUE,,,
server software,videos,TRUE,TRUE,,,
operating systems,videos,TRUE,TRUE,,,
photography software,videos,TRUE,TRUE,,,
programming software,videos,TRUE,TRUE,,,
graphic design software,videos,TRUE,TRUE,,,
web development software,videos,TRUE,TRUE,,,
tax preparation software,videos,TRUE,TRUE,,,
software utilities,videos,TRUE,TRUE,,,
video editing software,videos,TRUE,TRUE,,,
sports fan gear,videos,TRUE,TRUE,TRUE,TRUE,TRUE
outdoor recreational gear,videos,TRUE,TRUE,TRUE,TRUE,TRUE
sports gear,videos,TRUE,TRUE,TRUE,TRUE,TRUE
bicycles,videos,TRUE,TRUE,TRUE,TRUE,TRUE
bikes,videos,TRUE,TRUE,TRUE,TRUE,TRUE
electric bikes,videos,TRUE,TRUE,TRUE,TRUE,TRUE
electric bicycles,videos,TRUE,TRUE,TRUE,TRUE,TRUE
mountain bikes,videos,TRUE,TRUE,TRUE,TRUE,TRUE
road bikes,videos,TRUE,TRUE,TRUE,TRUE,TRUE
bike gear,videos,TRUE,TRUE,TRUE,TRUE,TRUE
bike accessories,videos,TRUE,TRUE,TRUE,TRUE,TRUE
electric bike accessories,videos,TRUE,TRUE,TRUE,TRUE,TRUE
cycling clothing,videos,TRUE,TRUE,TRUE,TRUE,TRUE
cycling gear,videos,TRUE,TRUE,TRUE,TRUE,TRUE
stationary bikes,videos,TRUE,TRUE,TRUE,TRUE,TRUE
workout gear,videos,TRUE,TRUE,TRUE,TRUE,TRUE
workout weights,videos,TRUE,TRUE,TRUE,TRUE,TRUE
exercise equipment,videos,TRUE,TRUE,TRUE,TRUE,TRUE
exercise gear,videos,TRUE,TRUE,TRUE,TRUE,TRUE
bike trailers,videos,TRUE,TRUE,TRUE,TRUE,TRUE
fitness gear,videos,TRUE,TRUE,TRUE,TRUE,TRUE
sports equipment,videos,TRUE,TRUE,TRUE,TRUE,TRUE
fitness equipment,videos,TRUE,TRUE,TRUE,TRUE,TRUE
sports accessories,videos,TRUE,TRUE,TRUE,TRUE,TRUE
fitness accessories,videos,TRUE,TRUE,TRUE,TRUE,TRUE
outdoor recreational equipment,videos,TRUE,TRUE,TRUE,TRUE,TRUE
outdoor recreational products,videos,TRUE,TRUE,TRUE,TRUE,TRUE
outdoor recreational accessories,videos,TRUE,TRUE,TRUE,TRUE,TRUE
fitness products,videos,TRUE,TRUE,TRUE,TRUE,TRUE
outdoor gear,videos,TRUE,TRUE,TRUE,TRUE,TRUE
recreational gear,videos,TRUE,TRUE,TRUE,TRUE,TRUE
camping gear,videos,TRUE,TRUE,TRUE,TRUE,TRUE
hiking gear,videos,TRUE,TRUE,TRUE,TRUE,TRUE
fishing gear,videos,TRUE,TRUE,TRUE,TRUE,TRUE
hunting gear,videos,TRUE,TRUE,TRUE,TRUE,TRUE
outdoorsman gear,videos,TRUE,TRUE,TRUE,TRUE,TRUE
air tools,videos,TRUE,TRUE,TRUE,TRUE,TRUE
handheld appliances,videos,TRUE,TRUE,TRUE,TRUE,TRUE
building supplies,videos,TRUE,TRUE,,TRUE,TRUE
electrical tools,videos,TRUE,TRUE,TRUE,TRUE,TRUE
tools and hardware,videos,TRUE,TRUE,TRUE,TRUE,TRUE
kitchen fixtures,videos,TRUE,TRUE,TRUE,TRUE,TRUE
bath fixtures,videos,TRUE,TRUE,TRUE,TRUE,TRUE
kitchen tools,videos,TRUE,TRUE,TRUE,TRUE,TRUE
home lighting,videos,TRUE,TRUE,,TRUE,TRUE
ceiling fans,videos,TRUE,TRUE,,TRUE,TRUE
measuring tools,videos,TRUE,TRUE,TRUE,TRUE,TRUE
layout tools,videos,TRUE,TRUE,TRUE,TRUE,TRUE
precision tools,videos,TRUE,TRUE,TRUE,TRUE,TRUE
paint supplies,videos,TRUE,TRUE,,TRUE,TRUE
wall repair supplies,videos,TRUE,TRUE,,TRUE,TRUE
painting tools,videos,TRUE,TRUE,,TRUE,TRUE
wall repair tools,videos,TRUE,TRUE,,TRUE,TRUE
rough plumbing tools,videos,TRUE,TRUE,,TRUE,TRUE
safety tools,videos,TRUE,TRUE,TRUE,TRUE,TRUE
security tools,videos,TRUE,TRUE,TRUE,TRUE,TRUE
safety gear,videos,TRUE,TRUE,TRUE,TRUE,TRUE
security gear,videos,TRUE,TRUE,TRUE,TRUE,TRUE
tool storage kits,videos,TRUE,TRUE,TRUE,TRUE,TRUE
tool storage products,videos,TRUE,TRUE,TRUE,TRUE,TRUE
home organization gear,videos,TRUE,TRUE,TRUE,TRUE,TRUE
home organization products,videos,TRUE,TRUE,TRUE,TRUE,TRUE
tool storage gear,videos,TRUE,TRUE,TRUE,TRUE,TRUE
tool storage cubbies,videos,TRUE,TRUE,TRUE,TRUE,TRUE
action figures,videos,TRUE,TRUE,TRUE,,
toy figures,videos,TRUE,TRUE,TRUE,,
toddler toys,videos,TRUE,TRUE,TRUE,,
preschooler toys,videos,TRUE,TRUE,TRUE,,
baby games,videos,TRUE,TRUE,TRUE,,
toddler games,videos,TRUE,TRUE,TRUE,,
preschooler games,videos,TRUE,TRUE,TRUE,,
powerwheels,videos,TRUE,TRUE,TRUE,,
kids' bikes,videos,TRUE,TRUE,TRUE,,
kids' skates,videos,TRUE,TRUE,TRUE,,
kids' ride-ons,videos,TRUE,TRUE,TRUE,,
building toys,videos,TRUE,TRUE,TRUE,,
construction toys,videos,TRUE,TRUE,TRUE,,
card games for kids,videos,TRUE,TRUE,TRUE,,
kids' dolls,videos,TRUE,TRUE,TRUE,,
kids' doll accessories,videos,TRUE,TRUE,TRUE,,
kids' dress up,videos,TRUE,TRUE,TRUE,,
kids' costumes,videos,TRUE,TRUE,TRUE,,
electronics for kids,videos,TRUE,TRUE,TRUE,,
toys for kids,videos,TRUE,TRUE,TRUE,,
hobbies for kids,videos,TRUE,TRUE,TRUE,,
kids' furniture,videos,TRUE,TRUE,TRUE,,
kids' room decor,videos,TRUE,TRUE,TRUE,,
learning toys for kids,videos,TRUE,TRUE,TRUE,,
educational toys for kids,videos,TRUE,TRUE,TRUE,,
learning games for kids,videos,TRUE,TRUE,TRUE,,
educational games for kids,videos,TRUE,TRUE,TRUE,,
novelty toys,videos,TRUE,TRUE,TRUE,,
gag gifts,videos,TRUE,TRUE,TRUE,,
gag toys,videos,TRUE,TRUE,TRUE,,
party supplies,videos,TRUE,TRUE,TRUE,,
play vehicles,videos,TRUE,TRUE,TRUE,,
preschool toys,videos,TRUE,TRUE,TRUE,,
preschool games,videos,TRUE,TRUE,TRUE,,
yard games,videos,TRUE,TRUE,TRUE,,
pretend play gear,videos,TRUE,TRUE,TRUE,,
puppets,videos,TRUE,TRUE,TRUE,,
puppet theaters,videos,TRUE,TRUE,TRUE,,
sports play for kids,videos,TRUE,TRUE,TRUE,,
outdoor play,videos,TRUE,TRUE,TRUE,,
stuffed animals,videos,TRUE,TRUE,TRUE,,
stuffed toys,videos,TRUE,TRUE,TRUE,,
mac video games,videos,TRUE,TRUE,TRUE,,
microconsole games,videos,TRUE,TRUE,TRUE,,
video game systems,videos,TRUE,TRUE,TRUE,,
nintendo 3ds games,videos,TRUE,TRUE,TRUE,,
nintendo ds games,videos,TRUE,TRUE,TRUE,,
nintendo switch games,videos,TRUE,TRUE,TRUE,,
pc games,videos,TRUE,TRUE,TRUE,,
playstation 3 games,videos,TRUE,TRUE,TRUE,,
playstation 4 games,videos,TRUE,TRUE,TRUE,,
playstation vita games,videos,TRUE,TRUE,TRUE,,
sony psp games,videos,TRUE,TRUE,TRUE,,
wii games,videos,TRUE,TRUE,TRUE,,
wii u games,videos,TRUE,TRUE,TRUE,,
xbox 360 games,videos,TRUE,TRUE,TRUE,,
xbox one games,videos,TRUE,TRUE,TRUE,,
